Employee_ID,Award_Type,Award_Date,Reward_Points
EMP0182,Innovation Award,2023-01-01,205
EMP0338,Leadership Excellence,2023-01-02,494
EMP0090,Best Team Player,2023-01-03,451
EMP0133,Best Team Player,2023-01-04,393
EMP0156,Star Performer,2023-01-05,271
EMP0379,Best Team Player,2023-01-06,438
EMP0363,Innovation Award,2023-01-07,439
EMP0485,Innovation Award,2023-01-08,226
EMP0040,Leadership Excellence,2023-01-09,393
EMP0286,Best Team Player,2023-01-10,447
EMP0273,Best Team Player,2023-01-11,287
EMP0020,Star Performer,2023-01-12,417
EMP0444,Leadership Excellence,2023-01-13,17
EMP0371,Innovation Award,2023-01-14,94
EMP0107,Innovation Award,2023-01-15,18
EMP0496,Innovation Award,2023-01-16,163
EMP0398,Best Team Player,2023-01-17,157
EMP0442,Star Performer,2023-01-18,138
EMP0461,Innovation Award,2023-01-19,16
EMP0095,Star Performer,2023-01-20,368
EMP0199,Star Performer,2023-01-21,43
EMP0327,Leadership Excellence,2023-01-22,74
EMP0275,Star Performer,2023-01-23,272
EMP0160,Innovation Award,2023-01-24,360
EMP0235,Leadership Excellence,2023-01-25,25
EMP0464,Leadership Excellence,2023-01-26,79
EMP0093,Best Team Player,2023-01-27,449
EMP0263,Innovation Award,2023-01-28,459
EMP0384,Star Performer,2023-01-29,70
EMP0184,Innovation Award,2023-01-30,392
EMP0419,Star Performer,2023-01-31,161
EMP0395,Leadership Excellence,2023-02-01,175
EMP0388,Star Performer,2023-02-02,127
EMP0431,Leadership Excellence,2023-02-03,261
EMP0362,Star Performer,2023-02-04,105
EMP0157,Star Performer,2023-02-05,386
EMP0164,Best Team Player,2023-02-06,352
EMP0443,Best Team Player,2023-02-07,350
EMP0488,Star Performer,2023-02-08,54
EMP0488,Best Team Player,2023-02-09,105
EMP0204,Innovation Award,2023-02-10,215
EMP0481,Star Performer,2023-02-11,272
EMP0105,Star Performer,2023-02-12,31
EMP0094,Best Team Player,2023-02-13,340
EMP0338,Innovation Award,2023-02-14,447
EMP0285,Star Performer,2023-02-15,258
EMP0232,Leadership Excellence,2023-02-16,217
EMP0332,Leadership Excellence,2023-02-17,26
EMP0043,Innovation Award,2023-02-18,144
EMP0260,Leadership Excellence,2023-02-19,34
EMP0064,Best Team Player,2023-02-20,233
EMP0112,Best Team Player,2023-02-21,237
EMP0440,Best Team Player,2023-02-22,33
EMP0254,Star Performer,2023-02-23,480
EMP0370,Leadership Excellence,2023-02-24,71
EMP0160,Best Team Player,2023-02-25,379
EMP0063,Star Performer,2023-02-26,259
EMP0100,Innovation Award,2023-02-27,377
EMP0003,Star Performer,2023-02-28,362
EMP0285,Best Team Player,2023-03-01,347
EMP0309,Best Team Player,2023-03-02,350
EMP0419,Best Team Player,2023-03-03,257
EMP0257,Star Performer,2023-03-04,465
EMP0373,Best Team Player,2023-03-05,128
EMP0442,Star Performer,2023-03-06,136
EMP0176,Star Performer,2023-03-07,332
EMP0205,Leadership Excellence,2023-03-08,389
EMP0004,Best Team Player,2023-03-09,188
EMP0409,Star Performer,2023-03-10,127
EMP0317,Best Team Player,2023-03-11,175
EMP0016,Leadership Excellence,2023-03-12,278
EMP0204,Best Team Player,2023-03-13,407
EMP0484,Innovation Award,2023-03-14,398
EMP0067,Star Performer,2023-03-15,396
EMP0463,Leadership Excellence,2023-03-16,139
EMP0049,Leadership Excellence,2023-03-17,351
EMP0045,Star Performer,2023-03-18,110
EMP0087,Star Performer,2023-03-19,24
EMP0454,Star Performer,2023-03-20,18
EMP0134,Best Team Player,2023-03-21,29
EMP0426,Leadership Excellence,2023-03-22,205
EMP0345,Innovation Award,2023-03-23,227
EMP0085,Best Team Player,2023-03-24,443
EMP0337,Innovation Award,2023-03-25,59
EMP0036,Star Performer,2023-03-26,138
EMP0118,Innovation Award,2023-03-27,180
EMP0381,Leadership Excellence,2023-03-28,81
EMP0336,Star Performer,2023-03-29,160
EMP0478,Best Team Player,2023-03-30,434
EMP0251,Best Team Player,2023-03-31,118
EMP0309,Innovation Award,2023-04-01,257
EMP0019,Innovation Award,2023-04-02,184
EMP0459,Star Performer,2023-04-03,264
EMP0447,Innovation Award,2023-04-04,389
EMP0079,Star Performer,2023-04-05,324
EMP0222,Star Performer,2023-04-06,243
EMP0433,Leadership Excellence,2023-04-07,471
EMP0403,Best Team Player,2023-04-08,19
EMP0203,Innovation Award,2023-04-09,393
EMP0186,Best Team Player,2023-04-10,203
EMP0263,Star Performer,2023-04-11,251
EMP0037,Leadership Excellence,2023-04-12,159
EMP0162,Best Team Player,2023-04-13,228
EMP0154,Star Performer,2023-04-14,102
EMP0011,Leadership Excellence,2023-04-15,186
EMP0334,Innovation Award,2023-04-16,316
EMP0305,Innovation Award,2023-04-17,264
EMP0199,Innovation Award,2023-04-18,272
EMP0294,Innovation Award,2023-04-19,452
EMP0176,Best Team Player,2023-04-20,318
EMP0224,Innovation Award,2023-04-21,151
EMP0015,Star Performer,2023-04-22,327
EMP0199,Leadership Excellence,2023-04-23,107
EMP0077,Innovation Award,2023-04-24,183
EMP0233,Star Performer,2023-04-25,372
EMP0467,Star Performer,2023-04-26,207
EMP0292,Innovation Award,2023-04-27,157
EMP0269,Best Team Player,2023-04-28,44
EMP0427,Best Team Player,2023-04-29,362
EMP0031,Leadership Excellence,2023-04-30,289
EMP0394,Star Performer,2023-05-01,196
EMP0173,Best Team Player,2023-05-02,195
EMP0488,Leadership Excellence,2023-05-03,22
EMP0186,Leadership Excellence,2023-05-04,207
EMP0054,Innovation Award,2023-05-05,395
EMP0204,Best Team Player,2023-05-06,406
EMP0083,Leadership Excellence,2023-05-07,202
EMP0244,Innovation Award,2023-05-08,475
EMP0070,Star Performer,2023-05-09,315
EMP0223,Leadership Excellence,2023-05-10,175
EMP0004,Star Performer,2023-05-11,352
EMP0414,Leadership Excellence,2023-05-12,336
EMP0495,Star Performer,2023-05-13,341
EMP0457,Leadership Excellence,2023-05-14,274
EMP0024,Best Team Player,2023-05-15,414
EMP0207,Best Team Player,2023-05-16,288
EMP0108,Leadership Excellence,2023-05-17,309
EMP0305,Innovation Award,2023-05-18,104
EMP0387,Star Performer,2023-05-19,10
EMP0137,Best Team Player,2023-05-20,346
EMP0078,Best Team Player,2023-05-21,31
EMP0135,Innovation Award,2023-05-22,126
EMP0120,Star Performer,2023-05-23,261
EMP0447,Leadership Excellence,2023-05-24,42
EMP0100,Star Performer,2023-05-25,479
EMP0170,Innovation Award,2023-05-26,219
EMP0015,Innovation Award,2023-05-27,418
EMP0189,Best Team Player,2023-05-28,157
EMP0340,Leadership Excellence,2023-05-29,452
EMP0455,Innovation Award,2023-05-30,112
EMP0389,Best Team Player,2023-05-31,171
EMP0216,Leadership Excellence,2023-06-01,18
EMP0193,Star Performer,2023-06-02,342
EMP0192,Best Team Player,2023-06-03,365
EMP0172,Innovation Award,2023-06-04,482
EMP0074,Best Team Player,2023-06-05,370
EMP0253,Best Team Player,2023-06-06,221
EMP0218,Star Performer,2023-06-07,88
EMP0397,Innovation Award,2023-06-08,65
EMP0481,Best Team Player,2023-06-09,86
EMP0036,Leadership Excellence,2023-06-10,196
EMP0158,Star Performer,2023-06-11,95
EMP0221,Star Performer,2023-06-12,485
EMP0337,Best Team Player,2023-06-13,60
EMP0193,Innovation Award,2023-06-14,20
EMP0008,Best Team Player,2023-06-15,120
EMP0353,Star Performer,2023-06-16,352
EMP0154,Best Team Player,2023-06-17,307
EMP0200,Innovation Award,2023-06-18,151
EMP0243,Leadership Excellence,2023-06-19,36
EMP0384,Best Team Player,2023-06-20,46
EMP0349,Best Team Player,2023-06-21,137
EMP0179,Best Team Player,2023-06-22,457
EMP0477,Star Performer,2023-06-23,173
EMP0079,Star Performer,2023-06-24,486
EMP0173,Best Team Player,2023-06-25,385
EMP0233,Star Performer,2023-06-26,459
EMP0277,Leadership Excellence,2023-06-27,16
EMP0391,Best Team Player,2023-06-28,158
EMP0124,Leadership Excellence,2023-06-29,173
EMP0430,Best Team Player,2023-06-30,101
EMP0328,Leadership Excellence,2023-07-01,363
EMP0084,Best Team Player,2023-07-02,268
EMP0283,Star Performer,2023-07-03,367
EMP0078,Best Team Player,2023-07-04,27
EMP0282,Best Team Player,2023-07-05,496
EMP0122,Star Performer,2023-07-06,149
EMP0217,Star Performer,2023-07-07,155
EMP0413,Leadership Excellence,2023-07-08,261
EMP0391,Star Performer,2023-07-09,331
EMP0251,Star Performer,2023-07-10,10
EMP0376,Leadership Excellence,2023-07-11,245
EMP0169,Innovation Award,2023-07-12,245
EMP0452,Leadership Excellence,2023-07-13,394
EMP0025,Best Team Player,2023-07-14,327
EMP0272,Star Performer,2023-07-15,484
EMP0142,Innovation Award,2023-07-16,66
EMP0280,Leadership Excellence,2023-07-17,299
EMP0283,Star Performer,2023-07-18,309
EMP0262,Leadership Excellence,2023-07-19,87
EMP0067,Innovation Award,2023-07-20,112
EMP0079,Best Team Player,2023-07-21,424
EMP0354,Leadership Excellence,2023-07-22,423
EMP0094,Best Team Player,2023-07-23,253
EMP0461,Innovation Award,2023-07-24,419
EMP0413,Best Team Player,2023-07-25,314
EMP0498,Star Performer,2023-07-26,351
EMP0460,Leadership Excellence,2023-07-27,235
EMP0039,Leadership Excellence,2023-07-28,435
EMP0247,Best Team Player,2023-07-29,99
EMP0237,Star Performer,2023-07-30,411
EMP0257,Star Performer,2023-07-31,215
EMP0201,Innovation Award,2023-08-01,429
EMP0017,Star Performer,2023-08-02,457
EMP0361,Leadership Excellence,2023-08-03,87
EMP0281,Star Performer,2023-08-04,274
EMP0219,Leadership Excellence,2023-08-05,65
EMP0115,Best Team Player,2023-08-06,483
EMP0267,Best Team Player,2023-08-07,68
EMP0202,Innovation Award,2023-08-08,215
EMP0211,Best Team Player,2023-08-09,139
EMP0004,Leadership Excellence,2023-08-10,168
EMP0371,Leadership Excellence,2023-08-11,56
EMP0339,Best Team Player,2023-08-12,106
EMP0018,Leadership Excellence,2023-08-13,414
EMP0307,Leadership Excellence,2023-08-14,122
EMP0241,Best Team Player,2023-08-15,475
EMP0127,Best Team Player,2023-08-16,237
EMP0371,Leadership Excellence,2023-08-17,24
EMP0185,Best Team Player,2023-08-18,408
EMP0268,Innovation Award,2023-08-19,250
EMP0160,Leadership Excellence,2023-08-20,224
EMP0422,Innovation Award,2023-08-21,191
EMP0071,Best Team Player,2023-08-22,42
EMP0163,Star Performer,2023-08-23,149
EMP0414,Star Performer,2023-08-24,136
EMP0274,Leadership Excellence,2023-08-25,236
EMP0471,Innovation Award,2023-08-26,350
EMP0255,Leadership Excellence,2023-08-27,282
EMP0377,Best Team Player,2023-08-28,140
EMP0078,Innovation Award,2023-08-29,335
EMP0304,Star Performer,2023-08-30,124
EMP0399,Star Performer,2023-08-31,96
EMP0294,Leadership Excellence,2023-09-01,315
EMP0310,Best Team Player,2023-09-02,118
EMP0009,Leadership Excellence,2023-09-03,495
EMP0260,Leadership Excellence,2023-09-04,13
EMP0287,Leadership Excellence,2023-09-05,87
EMP0368,Best Team Player,2023-09-06,375
EMP0206,Best Team Player,2023-09-07,345
EMP0467,Leadership Excellence,2023-09-08,459
EMP0437,Best Team Player,2023-09-09,39
EMP0156,Best Team Player,2023-09-10,378
EMP0089,Best Team Player,2023-09-11,476
EMP0145,Leadership Excellence,2023-09-12,266
EMP0001,Innovation Award,2023-09-13,63
EMP0119,Leadership Excellence,2023-09-14,85
EMP0206,Best Team Player,2023-09-15,398
EMP0372,Innovation Award,2023-09-16,54
EMP0150,Leadership Excellence,2023-09-17,210
EMP0138,Innovation Award,2023-09-18,274
EMP0269,Leadership Excellence,2023-09-19,310
EMP0175,Leadership Excellence,2023-09-20,66
EMP0303,Best Team Player,2023-09-21,243
EMP0489,Leadership Excellence,2023-09-22,353
EMP0376,Innovation Award,2023-09-23,71
EMP0181,Best Team Player,2023-09-24,380
EMP0098,Leadership Excellence,2023-09-25,106
EMP0218,Leadership Excellence,2023-09-26,497
EMP0170,Best Team Player,2023-09-27,401
EMP0444,Leadership Excellence,2023-09-28,55
EMP0327,Star Performer,2023-09-29,434
EMP0387,Innovation Award,2023-09-30,239
EMP0236,Star Performer,2023-10-01,269
EMP0427,Star Performer,2023-10-02,445
EMP0395,Best Team Player,2023-10-03,480
EMP0356,Star Performer,2023-10-04,274
EMP0086,Best Team Player,2023-10-05,398
EMP0134,Innovation Award,2023-10-06,12
EMP0057,Innovation Award,2023-10-07,72
EMP0037,Innovation Award,2023-10-08,340
EMP0387,Innovation Award,2023-10-09,446
EMP0323,Star Performer,2023-10-10,74
EMP0249,Best Team Player,2023-10-11,305
EMP0313,Star Performer,2023-10-12,213
EMP0257,Innovation Award,2023-10-13,223
EMP0381,Best Team Player,2023-10-14,67
EMP0433,Leadership Excellence,2023-10-15,352
EMP0007,Leadership Excellence,2023-10-16,108
EMP0408,Leadership Excellence,2023-10-17,343
EMP0493,Leadership Excellence,2023-10-18,450
EMP0220,Leadership Excellence,2023-10-19,325
EMP0458,Leadership Excellence,2023-10-20,99
EMP0386,Best Team Player,2023-10-21,367
EMP0462,Best Team Player,2023-10-22,124
EMP0305,Star Performer,2023-10-23,221
EMP0181,Best Team Player,2023-10-24,88
EMP0383,Best Team Player,2023-10-25,124
EMP0241,Leadership Excellence,2023-10-26,196
EMP0037,Best Team Player,2023-10-27,337
EMP0228,Innovation Award,2023-10-28,254
EMP0281,Star Performer,2023-10-29,346
EMP0358,Star Performer,2023-10-30,61
EMP0131,Innovation Award,2023-10-31,181
EMP0112,Best Team Player,2023-11-01,144
EMP0015,Innovation Award,2023-11-02,114
EMP0299,Star Performer,2023-11-03,273
EMP0274,Leadership Excellence,2023-11-04,380
EMP0002,Best Team Player,2023-11-05,409
EMP0432,Best Team Player,2023-11-06,73
EMP0224,Innovation Award,2023-11-07,250
EMP0283,Innovation Award,2023-11-08,493
EMP0358,Best Team Player,2023-11-09,443
EMP0009,Best Team Player,2023-11-10,87
EMP0386,Innovation Award,2023-11-11,177
EMP0448,Innovation Award,2023-11-12,105
EMP0221,Star Performer,2023-11-13,98
EMP0364,Innovation Award,2023-11-14,222
EMP0305,Best Team Player,2023-11-15,220
EMP0138,Leadership Excellence,2023-11-16,249
EMP0175,Best Team Player,2023-11-17,383
EMP0498,Innovation Award,2023-11-18,442
EMP0254,Leadership Excellence,2023-11-19,20
EMP0334,Leadership Excellence,2023-11-20,151
EMP0247,Star Performer,2023-11-21,132
EMP0103,Innovation Award,2023-11-22,437
EMP0325,Best Team Player,2023-11-23,314
EMP0103,Star Performer,2023-11-24,229
EMP0395,Leadership Excellence,2023-11-25,355
EMP0378,Best Team Player,2023-11-26,433
EMP0458,Innovation Award,2023-11-27,422
EMP0389,Best Team Player,2023-11-28,397
EMP0266,Innovation Award,2023-11-29,354
EMP0230,Star Performer,2023-11-30,395
EMP0422,Star Performer,2023-12-01,70
EMP0003,Leadership Excellence,2023-12-02,346
EMP0260,Innovation Award,2023-12-03,146
EMP0432,Innovation Award,2023-12-04,280
EMP0346,Leadership Excellence,2023-12-05,233
EMP0128,Innovation Award,2023-12-06,197
EMP0084,Leadership Excellence,2023-12-07,277
EMP0302,Star Performer,2023-12-08,322
EMP0332,Star Performer,2023-12-09,177
EMP0228,Innovation Award,2023-12-10,92
EMP0036,Innovation Award,2023-12-11,289
EMP0267,Best Team Player,2023-12-12,55
EMP0470,Innovation Award,2023-12-13,413
EMP0492,Leadership Excellence,2023-12-14,163
EMP0285,Leadership Excellence,2023-12-15,179
EMP0126,Best Team Player,2023-12-16,149
EMP0307,Leadership Excellence,2023-12-17,304
EMP0012,Best Team Player,2023-12-18,251
EMP0338,Best Team Player,2023-12-19,264
EMP0272,Best Team Player,2023-12-20,122
EMP0322,Innovation Award,2023-12-21,352
EMP0299,Star Performer,2023-12-22,373
EMP0328,Leadership Excellence,2023-12-23,47
EMP0488,Innovation Award,2023-12-24,467
EMP0136,Leadership Excellence,2023-12-25,359
EMP0132,Leadership Excellence,2023-12-26,453
EMP0009,Star Performer,2023-12-27,42
EMP0193,Leadership Excellence,2023-12-28,18
EMP0218,Innovation Award,2023-12-29,327
EMP0139,Best Team Player,2023-12-30,395
EMP0222,Innovation Award,2023-12-31,341
EMP0069,Star Performer,2024-01-01,379
EMP0020,Star Performer,2024-01-02,489
EMP0061,Innovation Award,2024-01-03,114
EMP0030,Innovation Award,2024-01-04,80
EMP0061,Innovation Award,2024-01-05,124
EMP0314,Star Performer,2024-01-06,32
EMP0185,Leadership Excellence,2024-01-07,97
EMP0193,Best Team Player,2024-01-08,498
EMP0365,Leadership Excellence,2024-01-09,99
EMP0061,Star Performer,2024-01-10,438
EMP0418,Innovation Award,2024-01-11,250
EMP0455,Innovation Award,2024-01-12,286
EMP0194,Innovation Award,2024-01-13,492
EMP0371,Innovation Award,2024-01-14,370
EMP0498,Innovation Award,2024-01-15,395
EMP0426,Leadership Excellence,2024-01-16,25
EMP0365,Star Performer,2024-01-17,461
EMP0285,Leadership Excellence,2024-01-18,14
EMP0009,Best Team Player,2024-01-19,37
EMP0350,Star Performer,2024-01-20,47
EMP0386,Best Team Player,2024-01-21,184
EMP0211,Innovation Award,2024-01-22,44
EMP0381,Innovation Award,2024-01-23,45
EMP0197,Best Team Player,2024-01-24,409
EMP0072,Leadership Excellence,2024-01-25,380
EMP0180,Star Performer,2024-01-26,202
EMP0074,Leadership Excellence,2024-01-27,55
EMP0196,Best Team Player,2024-01-28,159
EMP0126,Leadership Excellence,2024-01-29,155
EMP0464,Best Team Player,2024-01-30,81
EMP0066,Star Performer,2024-01-31,208
EMP0164,Innovation Award,2024-02-01,76
EMP0201,Star Performer,2024-02-02,382
EMP0182,Star Performer,2024-02-03,449
EMP0487,Leadership Excellence,2024-02-04,265
EMP0273,Best Team Player,2024-02-05,247
EMP0500,Star Performer,2024-02-06,366
EMP0360,Star Performer,2024-02-07,351
EMP0383,Best Team Player,2024-02-08,353
EMP0073,Leadership Excellence,2024-02-09,178
EMP0075,Leadership Excellence,2024-02-10,285
EMP0236,Innovation Award,2024-02-11,328
EMP0471,Best Team Player,2024-02-12,291
EMP0058,Leadership Excellence,2024-02-13,203
EMP0430,Leadership Excellence,2024-02-14,88
EMP0174,Leadership Excellence,2024-02-15,26
EMP0218,Star Performer,2024-02-16,50
EMP0278,Star Performer,2024-02-17,374
EMP0493,Innovation Award,2024-02-18,117
EMP0450,Best Team Player,2024-02-19,497
EMP0084,Innovation Award,2024-02-20,67
EMP0149,Innovation Award,2024-02-21,476
EMP0102,Best Team Player,2024-02-22,351
EMP0298,Star Performer,2024-02-23,132
EMP0187,Best Team Player,2024-02-24,443
EMP0496,Leadership Excellence,2024-02-25,325
EMP0293,Leadership Excellence,2024-02-26,70
EMP0046,Star Performer,2024-02-27,317
EMP0279,Leadership Excellence,2024-02-28,443
EMP0471,Leadership Excellence,2024-02-29,113
EMP0219,Star Performer,2024-03-01,297
EMP0186,Leadership Excellence,2024-03-02,203
EMP0055,Best Team Player,2024-03-03,253
EMP0220,Leadership Excellence,2024-03-04,192
EMP0367,Innovation Award,2024-03-05,33
EMP0210,Leadership Excellence,2024-03-06,183
EMP0453,Best Team Player,2024-03-07,176
EMP0300,Innovation Award,2024-03-08,452
EMP0225,Best Team Player,2024-03-09,309
EMP0194,Innovation Award,2024-03-10,380
EMP0056,Leadership Excellence,2024-03-11,249
EMP0353,Best Team Player,2024-03-12,170
EMP0204,Best Team Player,2024-03-13,488
EMP0303,Best Team Player,2024-03-14,154
EMP0205,Best Team Player,2024-03-15,253
EMP0130,Star Performer,2024-03-16,187
EMP0162,Best Team Player,2024-03-17,275
EMP0083,Best Team Player,2024-03-18,443
EMP0455,Innovation Award,2024-03-19,44
EMP0397,Leadership Excellence,2024-03-20,268
EMP0351,Star Performer,2024-03-21,74
EMP0189,Best Team Player,2024-03-22,345
EMP0495,Leadership Excellence,2024-03-23,109
EMP0384,Star Performer,2024-03-24,113
EMP0018,Leadership Excellence,2024-03-25,88
EMP0148,Leadership Excellence,2024-03-26,160
EMP0087,Star Performer,2024-03-27,394
EMP0227,Star Performer,2024-03-28,383
EMP0179,Best Team Player,2024-03-29,44
EMP0102,Best Team Player,2024-03-30,342
EMP0383,Leadership Excellence,2024-03-31,405
EMP0156,Best Team Player,2024-04-01,417
EMP0153,Innovation Award,2024-04-02,60
EMP0272,Star Performer,2024-04-03,278
EMP0223,Leadership Excellence,2024-04-04,258
EMP0434,Best Team Player,2024-04-05,183
EMP0324,Innovation Award,2024-04-06,155
EMP0498,Star Performer,2024-04-07,299
EMP0022,Innovation Award,2024-04-08,29
EMP0074,Star Performer,2024-04-09,133
EMP0336,Star Performer,2024-04-10,314
EMP0113,Leadership Excellence,2024-04-11,401
EMP0392,Best Team Player,2024-04-12,81
EMP0445,Best Team Player,2024-04-13,92
EMP0157,Leadership Excellence,2024-04-14,387
EMP0421,Leadership Excellence,2024-04-15,179
EMP0245,Star Performer,2024-04-16,439
EMP0202,Innovation Award,2024-04-17,358
EMP0355,Leadership Excellence,2024-04-18,264
EMP0156,Innovation Award,2024-04-19,100
EMP0479,Best Team Player,2024-04-20,317
EMP0242,Leadership Excellence,2024-04-21,218
EMP0221,Innovation Award,2024-04-22,396
EMP0152,Best Team Player,2024-04-23,457
EMP0403,Innovation Award,2024-04-24,196
EMP0212,Leadership Excellence,2024-04-25,372
EMP0409,Star Performer,2024-04-26,343
EMP0300,Best Team Player,2024-04-27,379
EMP0228,Innovation Award,2024-04-28,383
EMP0465,Best Team Player,2024-04-29,125
EMP0041,Best Team Player,2024-04-30,429
EMP0325,Best Team Player,2024-05-01,43
EMP0335,Innovation Award,2024-05-02,217
EMP0320,Leadership Excellence,2024-05-03,16
EMP0174,Leadership Excellence,2024-05-04,450
EMP0059,Innovation Award,2024-05-05,84
EMP0309,Star Performer,2024-05-06,318
EMP0352,Leadership Excellence,2024-05-07,316
EMP0318,Star Performer,2024-05-08,471
EMP0462,Innovation Award,2024-05-09,342
EMP0294,Leadership Excellence,2024-05-10,321
EMP0488,Best Team Player,2024-05-11,150
EMP0088,Innovation Award,2024-05-12,318
EMP0460,Leadership Excellence,2024-05-13,343
EMP0038,Best Team Player,2024-05-14,20
